{
  "copyrecipes.js": 1776157283.2827175,
  "eslint.config.mjs": 1775752785.4756734,
  "next-env.d.ts": 1776427465.6727512,
  "next.config.ts": 1776306049.6030152,
  "postcss.config.mjs": 1775752785.4956737,
  "prisma.config.ts": 1775922781.8486018,
  "prisma\\backfill-presets.ts": 1776373653.5037718,
  "prisma\\seed-more.ts": 1776373624.786637,
  "prisma\\seed.ts": 1776373122.0820258,
  "src\\auth.ts": 1776410127.5004015,
  "src\\middleware.ts": 1776463772.2814362,
  "src\\app\\layout.tsx": 1776463903.2556858,
  "src\\app\\not-found.tsx": 1776025661.708629,
  "src\\app\\page.tsx": 1776324535.6882262,
  "src\\app\\admin\\hidden\\page.tsx": 1776427175.9271076,
  "src\\app\\admin\\users\\page.tsx": 1776427436.3400376,
  "src\\app\\api\\admin\\hidden\\route.ts": 1776427439.9624794,
  "src\\app\\api\\admin\\mode\\route.ts": 1776427444.267684,
  "src\\app\\api\\admin\\users\\[id]\\route.ts": 1776410260.884915,
  "src\\app\\api\\auth\\register\\route.ts": 1776259681.3427842,
  "src\\app\\api\\auth\\verify\\route.ts": 1776259764.9206972,
  "src\\app\\api\\auth\\[...nextauth]\\route.ts": 1776105853.6645708,
  "src\\app\\api\\grocery\\route.ts": 1776410167.9587371,
  "src\\app\\api\\mealplan\\route.ts": 1776410163.6495883,
  "src\\app\\api\\mealplan\\slot\\route.ts": 1776410138.3568058,
  "src\\app\\api\\mealplan\\slot\\[id]\\route.ts": 1776410148.607359,
  "src\\app\\api\\nutrition\\goals\\route.ts": 1776410186.7683504,
  "src\\app\\api\\nutrition\\log\\route.ts": 1776410178.6727722,
  "src\\app\\api\\nutrition\\log\\[id]\\route.ts": 1776331600.607232,
  "src\\app\\api\\recipes\\route.ts": 1776331867.7884476,
  "src\\app\\api\\recipes\\[id]\\route.ts": 1776410339.0759225,
  "src\\app\\api\\recipes\\[id]\\favorite\\route.ts": 1776410156.4350321,
  "src\\app\\api\\recipes\\[id]\\hide\\route.ts": 1776115337.1797242,
  "src\\app\\api\\recipes\\[id]\\nutrition\\route.ts": 1776410268.5689507,
  "src\\app\\api\\user\\onboarding\\route.ts": 1776463783.1323674,
  "src\\app\\grocery\\page.tsx": 1776384137.8317935,
  "src\\app\\login\\page.tsx": 1776260094.6400769,
  "src\\app\\mealplan\\page.tsx": 1776463966.8582659,
  "src\\app\\nutrition\\page.tsx": 1776465647.463966,
  "src\\app\\nutrition\\goals\\page.tsx": 1776464987.909896,
  "src\\app\\recipes\\page.tsx": 1776427477.946246,
  "src\\app\\recipes\\new\\page.tsx": 1776245941.2725196,
  "src\\app\\recipes\\[id]\\page.tsx": 1776465591.3445847,
  "src\\app\\recipes\\[id]\\edit\\page.tsx": 1776331848.9161956,
  "src\\app\\register\\page.tsx": 1776260296.2594066,
  "src\\components\\AddToMealPlanModal.tsx": 1776463833.2501009,
  "src\\components\\AdminDeleteButton.tsx": 1776148581.7700622,
  "src\\components\\AdminModeToggle.tsx": 1776150089.6617265,
  "src\\components\\AuthGuard.tsx": 1776463791.7610807,
  "src\\components\\DeleteUserButton.tsx": 1776150771.8946266,
  "src\\components\\HomeCTA.tsx": 1776315954.524133,
  "src\\components\\ImageUpload.tsx": 1776246002.7114294,
  "src\\components\\Navbar.tsx": 1776463813.2163603,
  "src\\components\\OnboardingModal.tsx": 1776463883.1052823,
  "src\\components\\OnboardingProvider.tsx": 1776463888.9937758,
  "src\\components\\PageTransition.tsx": 1776315955.2333848,
  "src\\components\\RecipeCard.tsx": 1776463923.1250806,
  "src\\components\\RecipeQuickView.tsx": 1776463863.4472373,
  "src\\components\\RecipesBrowser.tsx": 1776463954.0580978,
  "src\\components\\SessionProvider.tsx": 1776106023.6284387,
  "src\\components\\SignInModal.tsx": 1776463808.445043,
  "src\\components\\Spinner.tsx": 1776025612.4704025,
  "src\\lib\\prisma.ts": 1775923416.2749064,
  "src\\lib\\resend.ts": 1776307175.0457296,
  "src\\types\\next-auth.d.ts": 1776410117.874469,
  "AGENTS.md": 1775752869.631538,
  "CLAUDE.md": 1775752869.631538,
  "README.md": 1775752785.4586737,
  "public\\file.svg": 1775752785.501674,
  "public\\globe.svg": 1775752785.5096734,
  "public\\next.svg": 1775752785.5176735,
  "public\\vercel.svg": 1775752785.525673,
  "public\\window.svg": 1775752785.5326736
}